Top pages,Clicks,Impressions,CTR,Position
https://houstoncoolpools.com/,415,125089,0.33%,20.93
https://houstoncoolpools.com/pricing-45k-55k.html,70,10215,0.69%,29.96
https://houstoncoolpools.com/pool-school-1.html,55,4745,1.16%,29.01
https://houstoncoolpools.com/pdf/IntelliConnect_20180402_082936.pdf,27,3419,0.79%,7.66
https://houstoncoolpools.com/gallery.html,7,5864,0.12%,9.29
https://houstoncoolpools.com/features-5.html,7,1194,0.59%,22.01
https://www.houstoncoolpools.com/,6,2415,0.25%,30.63
https://houstoncoolpools.com/construction-sequence-3.html,5,1280,0.39%,5.84
https://houstoncoolpools.com/faqs8.html,5,1014,0.49%,4.31
https://houstoncoolpools.com/contact.html,3,6053,0.05%,11.33
https://houstoncoolpools.com/features-pool-decking.html,3,775,0.39%,15.82
https://houstoncoolpools.com/pdf/ParamountOwnersManual.pdf,3,658,0.46%,8.26
https://houstoncoolpools.com/pdf/ClearO3OzoneManual.pdf,3,321,0.93%,7.27
https://houstoncoolpools.com/pdfs/10-Steps-to-the-Perfect-Pool-hcp.pdf,3,229,1.31%,17.76
https://houstoncoolpools.com/features-7.html,3,228,1.32%,8.03
https://houstoncoolpools.com/whychoosehcp.html,2,5732,0.03%,8.39
https://houstoncoolpools.com/poolfinancing.html,2,2191,0.09%,41.43
https://houstoncoolpools.com/pricing-55k-65k.html,2,912,0.22%,11.69
https://houstoncoolpools.com/choosing-the-right-pool-size-for-your-backyard.html,2,101,1.98%,14.61
https://houstoncoolpools.com/ridgewater-homes.html,2,82,2.44%,24.77
https://houstoncoolpools.com/pool-remodel.html,1,1086,0.09%,52.23
https://houstoncoolpools.com/pool-service.html,1,1063,0.09%,13.47
https://houstoncoolpools.com/customer-reviews-testimonials.html,1,224,0.45%,6.97
https://houstoncoolpools.com/pdf/Rebel_Warrior_Tucson_Eng_OM_20181025_062540.pdf,1,222,0.45%,10.89
https://houstoncoolpools.com/faqs1.html,1,117,0.85%,14.09
https://houstoncoolpools.com/pool-equipment-manuals.html,1,73,1.37%,16.38
https://houstoncoolpools.com/pricing-level-1.html,1,3,33.33%,6.33
https://houstoncoolpools.com/pool-information.html,0,6574,0%,13.05
https://houstoncoolpools.com/geometric-pools-6.html,0,626,0%,23.89
https://houstoncoolpools.com/robert-sanders.html,0,479,0%,8.73
https://houstoncoolpools.com/mazzarino-construction.html,0,222,0%,13.69
https://houstoncoolpools.com/modern-pool-design-trends-you-need-to-know.html,0,218,0%,30.88
https://houstoncoolpools.com/custom-pool-features-1.html,0,214,0%,16.09
https://houstoncoolpools.com/gallery-free-form-pools-1.html,0,192,0%,21.39
https://www.houstoncoolpools.com/contact.html,0,182,0%,6.57
https://www.houstoncoolpools.com/gallery.html,0,182,0%,6.57
https://www.houstoncoolpools.com/pool-information.html,0,182,0%,6.57
https://www.houstoncoolpools.com/whychoosehcp.html,0,182,0%,6.57
https://houstoncoolpools.com/features-4.html,0,177,0%,12.32
https://houstoncoolpools.com/custom-pool-types.html,0,159,0%,12.31
https://houstoncoolpools.com/how-to-choose-a-pool-builder.html,0,147,0%,30.86
https://houstoncoolpools.com/construction-sequence-2.html,0,83,0%,13.25
https://houstoncoolpools.com/features-8.html,0,82,0%,22.68
https://houstoncoolpools.com/pricing-85k-105k.html,0,58,0%,13.43
https://houstoncoolpools.com/pool-deck-4.html,0,54,0%,26.67
https://houstoncoolpools.com/features-3.html,0,51,0%,14.55
https://houstoncoolpools.com/privacynotice.html,0,38,0%,11.03
https://houstoncoolpools.com/nautilus-real-estate.html,0,30,0%,17.17
https://houstoncoolpools.com/construction-sequence-1.html,0,27,0%,26.41
https://houstoncoolpools.com/features-11.html,0,19,0%,26.26
https://houstoncoolpools.com/outdoor-structures-gallery-1.html,0,19,0%,28.26
https://houstoncoolpools.com/pdf/Paramount_Twirlybyrd.pdf,0,13,0%,34.46
https://houstoncoolpools.com/pdf/KreepyKraulyPlatinumOM.pdf,0,11,0%,7.55
https://houstoncoolpools.com/glossary6.html,0,9,0%,10.78
https://houstoncoolpools.com/images/stones1.jpg,0,9,0%,22.67
https://houstoncoolpools.com/geometric-pools-3.html,0,9,0%,25
https://houstoncoolpools.com/how-to-choose-a-pool-builder-2.html,0,4,0%,9.5
https://houstoncoolpools.com/product-brochures.html,0,4,0%,12.75
https://houstoncoolpools.com/geometric-pools-5.html,0,4,0%,26
https://mail.houstoncoolpools.com/pricing-55k-65k.html,0,3,0%,37
https://houstoncoolpools.com/gallery-free-form-pools-5.html,0,3,0%,41.33
https://houstoncoolpools.com/HCP-contact-form-two-with-response/HCP-contact-form-two-with-response.html,0,2,0%,2.5
https://houstoncoolpools.com/features-6.html,0,2,0%,4.5
https://houstoncoolpools.com/faqs13.html,0,2,0%,6
https://houstoncoolpools.com/features-14.html,0,1,0%,2
https://houstoncoolpools.com/custom-home-toc.html,0,1,0%,5
https://houstoncoolpools.com/faqs10.html,0,1,0%,5
https://houstoncoolpools.com/pricing-level-2.html,0,1,0%,9
https://houstoncoolpools.com/features-9.html,0,1,0%,14
https://houstoncoolpools.com/Pool-Collection-$40-$50vers2_files/vlb_images1/img_1039.jpg,0,1,0%,19
https://houstoncoolpools.com/images/rock-3.jpg,0,1,0%,24
https://houstoncoolpools.com/images/home banner 2022.jpg,0,1,0%,31
https://houstoncoolpools.com/geometric-pools-4.html,0,1,0%,44
https://houstoncoolpools.com/images/sheer-r2p3.jpg,0,1,0%,56