Top queries,Clicks,Impressions,CTR,Position
houston cool pools,89,445,20%,1.25
cool pools,15,404,3.71%,9.47
pool installation houston,12,1136,1.06%,8.82
houston pool builders,12,987,1.22%,6.37
pool school,11,167,6.59%,10.58
pool builders houston,10,1301,0.77%,8.19
pool school near me,8,61,13.11%,5
houston pool companies,6,556,1.08%,5.05
pools houston,6,395,1.52%,6.5
cool pools houston,6,147,4.08%,1
pool builders near me,5,650,0.77%,14.47
pool company houston,4,467,0.86%,6.49
tiny pools houston,4,44,9.09%,5.11
pool companies houston,3,779,0.39%,6.12
pool companies near me,3,608,0.49%,7.88
best pool builders in houston,3,502,0.6%,6.88
houston pools,3,438,0.68%,8.33
fiberglass pools houston,3,156,1.92%,10.1
pools houston tx,3,136,2.21%,5.83
cool pool,3,128,2.34%,32.06
pool builder houston,2,519,0.39%,6.57
pool builders houston tx,2,411,0.49%,5.6
pools,2,372,0.54%,12.05
pool cost houston,2,220,0.91%,9.14
pool contractors near me,2,196,1.02%,10.36
pool companies in houston texas,2,188,1.06%,7.73
pool prices,2,161,1.24%,40.65
houston pool builders price,2,112,1.79%,5.98
pool cleaning school,2,74,2.7%,49.89
pool prices houston,2,50,4%,8.18
north houston pool builders,2,37,5.41%,14.38
stepping stones around pool,2,33,6.06%,1
pool builders,1,1610,0.06%,35.94
houston pool builder,1,943,0.11%,6.83
custom pools houston,1,644,0.16%,9.11
pool contractors,1,545,0.18%,9.5
pool companies in houston,1,542,0.18%,9.93
houston pool construction,1,481,0.21%,13.73
houston swimming pool builders,1,466,0.21%,9.69
pool builder houston tx,1,428,0.23%,5.08
pool companies houston tx,1,399,0.25%,8.17
new pool construction,1,386,0.26%,63.22
houston custom pool builders,1,252,0.4%,6.69
swimming pool builders cypress tx,1,247,0.4%,36.17
houston pool company,1,221,0.45%,4.97
houston area pool builders,1,177,0.56%,6.72
top pool builders in houston,1,157,0.64%,7.92
best pool builders near me,1,155,0.65%,18.38
best pool builders houston,1,148,0.68%,8.49
swimming pool maintenance training,1,146,0.68%,49.18
pool companies texas,1,138,0.72%,31.83
pool companies houston texas,1,117,0.85%,9.98
pool builders houston texas,1,115,0.87%,3.76
houston custom pools,1,112,0.89%,2.35
pool construction houston tx,1,102,0.98%,8.34
pool decking,1,102,0.98%,13.84
pool installation texas,1,97,1.03%,43.29
above ground pools houston,1,87,1.15%,14.11
pool contractors houston tx,1,87,1.15%,24.91
gunite pools,1,81,1.23%,6.02
pool builder houston texas,1,80,1.25%,6.3
pool renovation near me,1,71,1.41%,14.2
pool installers houston,1,69,1.45%,10.7
pool builders in houston area,1,62,1.61%,5.68
pool cost houston tx,1,53,1.89%,11.42
fiberglass pool houston,1,40,2.5%,3.45
pool specials houston,1,40,2.5%,20.6
pool builders tomball tx,1,38,2.63%,18.58
swimming pool houston,1,32,3.12%,28.78
houston tx pool builder,1,30,3.33%,7.67
pool installation cost,1,30,3.33%,25.3
pool cleaning course,1,29,3.45%,54.03
fiberglass pools houston texas,1,28,3.57%,4.29
houston texas pool builders,1,24,4.17%,5.04
pool cleaning classes,1,24,4.17%,40.83
pool contractors in texas,1,22,4.55%,35.05
cute pool,1,20,5%,2
cool.pools,1,20,5%,6.95
pool company cypress tx,1,19,5.26%,42.53
pentair intelliconnect installation,1,18,5.56%,5.78
how long does it take to build a pool in houston,1,18,5.56%,13.39
pool school for homeowners,1,15,6.67%,22.07
fiberglass pools,1,14,7.14%,6.14
kool pool,1,14,7.14%,38.14
pool services near me,1,13,7.69%,30.23
new pool installation,1,13,7.69%,56
how much is a pool,1,12,8.33%,10.33
houston gunite,1,11,9.09%,15.82
pool building company,1,11,9.09%,17
pool prices near me,1,11,9.09%,24.36
pool install near me,1,8,12.5%,23.88
swimming pool cost near me,1,8,12.5%,38
inground pool remodel,1,7,14.29%,2.14
ridgewater homes,1,7,14.29%,15.14
swimming pool builders in cypress tx,1,6,16.67%,44.83
pool technician training near me,1,5,20%,10.2
most affordable pool company near me,1,4,25%,1.75
pool cleaner training,1,4,25%,24.75
gunite near me,1,3,33.33%,8.33
backyard pools and spas,1,3,33.33%,14
best fiberglass pools near me,1,2,50%,1
local pool companies near me,1,2,50%,1
swimming pool contractors in texas,1,2,50%,1
in-ground pools,1,2,50%,5
fiberglass splash pool,1,2,50%,7
container pool houston,1,2,50%,7.5
affordable pools near me,1,2,50%,8.5
installation of pools,1,1,100%,1
luxury pool installation near me,1,1,100%,1
pool store near me,1,1,100%,1
top 5 pool companies near me,1,1,100%,1
underground pool installation,1,1,100%,1
school pool maintenance,1,1,100%,2
pool.prices,1,1,100%,3
average price for pool installation,1,1,100%,8
custom pool builder the woodlands,1,1,100%,41
pool builder,0,3748,0%,41.34
custom pool builder,0,2210,0%,40.7
luxury pool builder,0,875,0%,53.6
custom swimming pool,0,839,0%,62.41
pool companies,0,767,0%,48.88
swimming pool contractor,0,743,0%,5.88
swimming pool builder,0,709,0%,16.99
custom pools,0,691,0%,31.82
pool construction,0,624,0%,12.21
pool construction houston,0,620,0%,10.97
pool maintenance,0,605,0%,16.93
custom pool construction,0,594,0%,51.83
pool builders in houston,0,588,0%,7.2
inground pool builder,0,574,0%,29.07
swimming pool builders in texas,0,572,0%,47.34
swimming pool installation houston tx,0,554,0%,19.69
pool builder near me,0,523,0%,7.39
inground pools houston,0,512,0%,8.52
swimming pool contractors,0,497,0%,12.02
swimming pool contractors houston,0,488,0%,9.08
swimming pool installers houston tx,0,474,0%,44.61
pool builders texas,0,459,0%,58.92
swimming pool builders houston,0,456,0%,8.05
new swimming pool construction,0,442,0%,52.03
pool remodeling houston,0,439,0%,9.61
pool renovation houston,0,438,0%,33.75
pool contractor,0,435,0%,14.11
gunite pool builder,0,429,0%,39.61
swimming pool builders,0,421,0%,12.53
pool installation near me,0,413,0%,7.44
swimming pool contractors texas,0,413,0%,52.98
custom pool builders,0,394,0%,32.85
houston pool remodeling,0,379,0%,7.24
swimming pool contractor houston tx,0,373,0%,13.34
pool contractors houston,0,363,0%,7.16
greater houston custom commercial pool builder,0,358,0%,14.85
swimming pool renovations houston,0,357,0%,17.5
swimming pool builders houston tx,0,348,0%,6.78
build a custom pool,0,343,0%,59.13
swimming pool builders near me,0,341,0%,15.31
swimming pool companies in houston,0,337,0%,7.72
custom pool builder houston,0,336,0%,7.18
pool installation,0,336,0%,9.21
pool contractor houston,0,324,0%,16.72
pools in houston,0,312,0%,11.04
custom swimming pools,0,310,0%,28.08
pool remodelers in houston tx,0,306,0%,9.09
swimming pool construction near me,0,305,0%,19.53
pool company,0,304,0%,6.02
infinity pool builders greater houston,0,303,0%,12.08
custom geometric pool builders greater houston,0,303,0%,13.08
pool remodeling,0,301,0%,10.06
pool construction near me,0,301,0%,10.69
pool remodel,0,298,0%,30.15
pool cleaning,0,292,0%,22.32
custom pool design,0,286,0%,78.2
swimming pool construction houston tx,0,276,0%,8.48
custom pool builders houston,0,273,0%,7.22
swimming pool contractors near me,0,273,0%,17.73
award winning pool builder,0,266,0%,19.98
custom pool houston,0,259,0%,8.7
houston inground pools,0,248,0%,5.9
pool building houston,0,246,0%,17.5
commercial geometric pool construction greater houston,0,244,0%,22.64
houston pool contractor,0,242,0%,21.36
pool designs houston,0,240,0%,14.87
custom swimming pools houston,0,238,0%,6.41
commercial geometric pool design greater houston,0,236,0%,16.12
custom pool installation,0,235,0%,51.56
pool contractor near me,0,228,0%,5.05
swimming pool companies houston tx,0,228,0%,25.06
best pools houston,0,226,0%,5.66
pool builders in georgetown,0,224,0%,66.39
best pool builder,0,223,0%,9.48
pool renovation,0,221,0%,19.77
commercial infinity pools greater houston,0,220,0%,22.01
swimming pool designer,0,219,0%,73.48
houston pool contractors,0,203,0%,4.36
inground pools,0,203,0%,6.2
custom pool contractors,0,203,0%,23.3
best pool builders,0,201,0%,8.81
houston pool installation,0,201,0%,13.27
swimming pool renovation houston,0,200,0%,12.79
inground swimming pools houston,0,196,0%,13.68
new pool construction houston,0,196,0%,15.49
pool designer,0,195,0%,33.73
pool maintenance school,0,195,0%,47.41
pool companies in houston tx,0,194,0%,6.36
houston pool design,0,194,0%,6.48
austin custom pools,0,194,0%,82.89
custom built swimming pools,0,193,0%,28.6
houston pool designer,0,188,0%,5.72
swimming pool remodel houston,0,187,0%,10.59
swimming pool builders spring tx,0,187,0%,39.22
houston swimming pool contractor,0,186,0%,12.89
swimming pool maintenance school,0,186,0%,45.07
pool contractor houston tx,0,185,0%,5.22
pool renovation houston tx,0,184,0%,13.12
companies that build pools,0,181,0%,66.31
swimming pool builder houston,0,179,0%,9.24
pool remodel houston,0,178,0%,15
swimming pool company houston,0,176,0%,9.4
commercial lagoon-style pool builders greater houston,0,175,0%,19.92
pool resurfacing houston,0,173,0%,3.02
houston pool remodel,0,173,0%,14.74
pool care classes near me,0,173,0%,31.9
custom swimming pool builder,0,173,0%,73.42
houston pool renovations,0,171,0%,38.88
pool company houston tx,0,170,0%,9.74
pool remodeling services in cypress,0,169,0%,1
pool company near me,0,169,0%,6.36
pool renovation company,0,169,0%,16.8
swimming pool installation,0,168,0%,14.48
pool renovation services in cypress,0,166,0%,1
best pool companies in houston,0,165,0%,5.76
best pool builder in,0,164,0%,40.59
pool builder in,0,164,0%,58.51
remodel swimming pool,0,163,0%,1.61
swimming pool builders in houston tx,0,162,0%,11.95
infinity edge pool design greater houston,0,162,0%,16.55
gunite pool builders,0,161,0%,31.47
luxury pool contractors,0,160,0%,35.11
pool builders in,0,158,0%,52.04
pool builder seo houston,0,156,0%,7.48
swimming pool installation houston,0,156,0%,8.58
custom pool,0,156,0%,56.06
custom commercial pools houston tx,0,155,0%,14.02
pool and spa builder in houston tx,0,154,0%,9.88
swimming pool companies houston,0,153,0%,2.58
small pools houston,0,153,0%,9.86
freeform pool design greater houston,0,151,0%,17.44
award winning pools,0,150,0%,15.43
luxury pools,0,150,0%,33.87
swimming pool companies in houston texas,0,148,0%,9.41
pool renovations houston,0,147,0%,23.47
commercial pool builders houston tx,0,146,0%,5.6
houston swimming pool companies,0,144,0%,12.15
pool construction company,0,144,0%,36.59
residential pool installation houston tx,0,143,0%,29.74
stub out electrical,0,142,0%,6.25
fiberglass pool repair,0,142,0%,8.12
custom swimming pool construction,0,141,0%,65.26
custom pool construction friendswood tx,0,141,0%,76.65
custom pool company,0,140,0%,39.07
pool maintenance houston tx,0,139,0%,30.56
pool installation in houston tx,0,138,0%,14.89
custom commercial pools greater houston,0,138,0%,15.49
top houston pool builders,0,137,0%,8.35
greater houston commercial pool construction,0,137,0%,13.57
top reviewed pool company houston tx,0,136,0%,1.18
swimming pool remodeling in houston tx,0,136,0%,16.44
custom swimming pool contractor,0,133,0%,41.66
houston pool care,0,131,0%,20.65
best swimming pool construction,0,130,0%,47.68
greater houston custom commercial pool designer,0,129,0%,17.88
residential pool builders,0,128,0%,11.68
pool design houston,0,128,0%,12.59
custom swimming pool builders,0,128,0%,34.23
cocktail pool designers north houston,0,127,0%,5.1
pool renovations near me,0,127,0%,11.5
"""robert sanders homes"" houston tx builder",0,126,0%,7.33
pool installers,0,126,0%,12.37
pool cleaning classes near me,0,126,0%,29.72
swimming pool installation near me,0,125,0%,1.69
pool and patio builder houston,0,124,0%,5.09
family owned pool company houston,0,123,0%,2.83
swimming pool company,0,122,0%,12.18
swimming pool construction,0,121,0%,7
pool renovation company houston,0,121,0%,8.55
in ground swimming pool installation houston tx,0,121,0%,46.84
houston pool construction company,0,120,0%,6.22
houston swimming pool builder,0,120,0%,9.69
best custom pool builders,0,120,0%,19.65
custom pool designs,0,120,0%,51.42
inground pool contractors,0,119,0%,5.65
greater houston commercial pool remodeling,0,118,0%,6
inground pool builder houston,0,118,0%,8.53
greater houston commercial pool design,0,118,0%,15.04
pool builders spring tx,0,117,0%,45.13
best pool company houston,0,116,0%,1.19
alief pool builder,0,116,0%,22.2
pool remodeling near me,0,115,0%,13.51
electrical stub out,0,114,0%,6.11
commercial swimming pool builder houston,0,114,0%,7.16
residential pool construction,0,114,0%,26.25
custom pool designer,0,114,0%,68.25
houston custom swimming pools,0,113,0%,7.91
greater houston custom commercial pool contractor,0,113,0%,8.61
luxury pool contractor,0,113,0%,30.62
pool construction services,0,113,0%,48.23
pool builders in houston texas,0,111,0%,5.36
best fiberglass pool,0,111,0%,6.08
custom pools houston tx,0,111,0%,11.82
swimming pools houston,0,111,0%,12.7
custom swimming pool houston,0,111,0%,16.1
pool remodeling houston tx,0,111,0%,21.1
katy pool builders,0,110,0%,43.18
swimming pools designer,0,110,0%,64.9
custom pool builder conroe,0,110,0%,83.22
commercial pool construction houston tx,0,108,0%,6.06
commercial pool builders greater houston,0,108,0%,7.84
affordable pool builders houston,0,108,0%,12.38
seo for pool contractors in houston,0,108,0%,17.29
pentair intelliconnect manual,0,107,0%,9.64
luxury pool builders,0,107,0%,33.66
custom pool builder near me,0,106,0%,36.73
houston cool pools reviews,0,105,0%,5.46
fiberglass pool repair near me,0,105,0%,17.84
greater houston commercial pool engineering,0,104,0%,13.56
houston pool maintenance,0,103,0%,31.57
pool construction spring texas,0,103,0%,40.31
gunite pool builders near me,0,103,0%,58.6
pool builder in houston,0,102,0%,4.66
above ground pool installation houston,0,102,0%,6.81
swimming pool designers,0,102,0%,24.02
houston pool renovation,0,102,0%,27.68
seo for pool in houston,0,101,0%,25.03
pool maintenance classes,0,101,0%,42.77
pool cost,0,100,0%,13.49
inground swimming pool installer houston tx,0,100,0%,45.18
commercial pool contractors serving greater houston,0,99,0%,7.26
concrete pool builder,0,99,0%,65.08
pool renovations,0,98,0%,13.3
pool installer houston,0,98,0%,15
design pools,0,98,0%,69.3
pool construction company houston,0,97,0%,4.41
"most trusted pool builder in houston, texas",0,97,0%,7.12
luxury commercial pools greater houston,0,97,0%,34.89
custom pool builder houston tx,0,96,0%,7.26
swimming pool design houston,0,96,0%,10.79
swimming pool construction cost in houston tx,0,96,0%,23.64
custom inground pools,0,95,0%,24.61
plunge pool builders north houston,0,94,0%,2.2
gunite pool construction in houston tx,0,94,0%,10.98
pool building services,0,94,0%,29.6
inground pool,0,93,0%,1.69
pool builders in texas,0,93,0%,45.45
pool designer texas,0,93,0%,49.38
pool installation houston tx,0,92,0%,15.64
construction swimming pool,0,92,0%,78.43
pool decking houston,0,91,0%,8.57
how much to build a pool in houston,0,91,0%,9.89
luxury pool builder houston,0,91,0%,11.3
inground pool houston tx,0,91,0%,34.93
residential pool builders in houston tx,0,90,0%,14.26
swimming pool construction company,0,90,0%,22.44
kool deck houston,0,90,0%,29.77
custom pool contractor,0,90,0%,43.22
pool technician,0,89,0%,13.82
splash pad pool builder,0,89,0%,48.96
luxury pool remodeling houston,0,88,0%,10.94
pool installer houston tx,0,88,0%,23.16
above ground pool cypress tx,0,88,0%,25.9
"most reliable pool construction companies in houston, texas",0,87,0%,2.85
"""robert sanders homes"" builder houston tx",0,87,0%,10.24
swimming pool contractors in houston tx,0,87,0%,10.49
pool loans houston,0,87,0%,10.69
pool design and construction,0,87,0%,36.36
intelliconnect manual,0,86,0%,6.15
best above ground pool,0,86,0%,6.97
pool construction in houston,0,86,0%,10.48
swimming pool remodeling houston,0,86,0%,13.38
how much does a pool cost in houston,0,86,0%,14.74
swimming pool service houston,0,86,0%,35.06
spring tx pool builder,0,86,0%,39.53
"who are the top pool builders in houston ,texas for in ground pools?",0,85,0%,5.87
certified pool cleaning houston,0,84,0%,29.42
commercial pool builders north houston,0,83,0%,2.48
custom infinity pools in north houston,0,83,0%,7.18
swimming pool company houston tx,0,83,0%,12.06
local pool companies houston,0,83,0%,12.57
pool contractor in houston tx,0,83,0%,14.94
pool service houston,0,83,0%,53.64
lagoon style pool designs in north houston,0,82,0%,16.1
pool construction spring tx,0,82,0%,27.4
top rated pool builders,0,81,0%,9.98
geometric pool designers north houston,0,81,0%,13.53
pool construction in houston tx,0,81,0%,14.36
swimming pool businesses houston tx,0,81,0%,22.02
pool pricing,0,81,0%,50.17
houston pools builders,0,80,0%,1.51
backyard pools,0,80,0%,15.15
houston pool builders specials,0,80,0%,21.65
swimming pool pricing,0,80,0%,60.09
pool installation contractors houston,0,79,0%,5.41
pool renovations in houston,0,79,0%,9.49
commercial freeform pool builders greater houston,0,79,0%,19.7
houston tx swimming pool cleaning,0,79,0%,31.58
pool design,0,79,0%,32.1
baytown pool builder,0,79,0%,34.89
pool financing riverbend,0,79,0%,48.82
cocktail pool builders north houston,0,78,0%,2.78
north houston commercial pool builders,0,78,0%,2.92
swimming pool construction in houston tx,0,78,0%,14.35
best pool contractors near me,0,78,0%,22.37
"custom commercial pools tomball, tx",0,78,0%,89.51
pools of houston,0,77,0%,4.58
top pool companies,0,77,0%,5.21
swimming pool contractors in houston texas,0,77,0%,7.21
pool remodelers near me,0,77,0%,13.51
swimming pool renovations services houston,0,77,0%,15.31
inground swimming pool builder,0,77,0%,15.92
pool construction companies near me,0,77,0%,18.25
pool cleaning companies near me,0,77,0%,38.14
dallas cool pools,0,77,0%,43.68
north houston commercial pool designers,0,76,0%,3.51
swimming pool companies near me,0,76,0%,3.59
custom luxury swimming pools & hot tubs in north houston,0,76,0%,5.79
houston vinyl pool remodel,0,76,0%,6.46
houston pools builder,0,76,0%,8.63
pool care,0,76,0%,10.87
inground swimming pool installation houston tx,0,76,0%,38.41
swimming pool service in houston,0,76,0%,61.55
pool contractors in houston tx,0,75,0%,5.96
custom pools in houston,0,75,0%,8.85
pool installation company,0,75,0%,12
top rated pool builders near me,0,75,0%,22.52
best swimming pool builders near me,0,75,0%,24.49
residential pool builders near me,0,75,0%,25.08
inground pool builders near me,0,75,0%,25.21
pool financing dutchtown,0,75,0%,50.97
beach entry pool designers north houston,0,74,0%,16.47
in ground swimming pool installers houston tx,0,74,0%,24.27
custom residential pools,0,74,0%,54.14
geometric pool builders north houston,0,73,0%,8
small inground pools houston tx,0,73,0%,8.23
pool cleaning houston,0,73,0%,8.33
cost of pool in houston,0,73,0%,14.7
in ground pool companies near me,0,73,0%,19.85
pool building experts,0,73,0%,21.15
pool designers,0,73,0%,39.34
affordable pool builders,0,73,0%,50.6
inground pool cost,0,72,0%,6.42
custom lagoon swimming pools in north houston,0,72,0%,7.06
affordable inground pools houston,0,72,0%,7.92
cost to build a pool in houston,0,72,0%,11.01
swimming pool remodel houston tx,0,72,0%,12.64
in ground pool installers,0,72,0%,13.29
in ground pool contractors near me,0,72,0%,24.93
pool design build,0,72,0%,49.68
pool contractors near spring tx,0,72,0%,54.47
pool builders in spring texas,0,72,0%,72.03
houston swimming pool,0,71,0%,1.08
inground pools houston prices,0,71,0%,7.7
custom pool builder serving shadow creek,0,71,0%,8.15
inground pool construction north houston,0,71,0%,8.49
swimming pool contractors houston tx,0,71,0%,10.85
houston pool prices,0,71,0%,12.48
houston pool cleaning,0,71,0%,38.85
pool building,0,70,0%,22.19
grotto pool,0,70,0%,27.89
pool financing league city,0,70,0%,28.14
pool design and build,0,70,0%,28.84
custom pool companies houston,0,69,0%,3.86
local pool contractor in houston tx,0,69,0%,14.41
inground pool companies near me,0,69,0%,21.13
inground pool contractors near me,0,69,0%,22.1
houston backyard pool renovation,0,69,0%,26.46
pool chemical balancing houston,0,69,0%,26.78
pool design and installation,0,69,0%,28.06
pool cleaning service,0,69,0%,37.59
pool financing central,0,69,0%,38.22
custom pools clear lake,0,69,0%,50.55
north houston commercial pool contractors,0,68,0%,2.79
pool designer houston,0,68,0%,4.81
pool renovation company houston tx,0,68,0%,9
geometric swimming pool designs in north houston,0,68,0%,16.16
above ground pool repair near me,0,68,0%,18.94
pool renovations houston tx,0,68,0%,26.82
best houston pool builders,0,67,0%,5.55
swimming pool builder houston tx,0,67,0%,5.78
houston texas pools,0,67,0%,8.43
pool designs houston tx,0,67,0%,14.76
local pool builder,0,67,0%,33.03
swimming pool services near me,0,67,0%,39.9
inground pool contractors in north houston,0,66,0%,3.64
cheap inground pools houston tx,0,66,0%,6.52
best houston pool companies,0,66,0%,6.53
swimming pool remodeling contractor,0,66,0%,13.11
pool waterfall contractors in houston tx,0,66,0%,19.47
custom commercial outdoor pool decking greater houston,0,66,0%,26.64
texas tiny pools cost,0,66,0%,67.21
houston inground swimming pool repair,0,65,0%,3.58
custom swimming pool contractor houston,0,65,0%,5.86
modern pool designs houston tx,0,65,0%,11.11
pool builders katy,0,65,0%,36.12
houston tx pool companies,0,64,0%,6.7
zero entry pool designers north houston,0,64,0%,7.73
pool design and remodeling,0,64,0%,12.69
luxury custom pools,0,64,0%,38.33
swimming pool builders spring,0,64,0%,39.55
in ground pool installation,0,63,0%,1.03
custom designed pools & spas,0,63,0%,7.19
swimming pool design,0,63,0%,8.62
pool specialists,0,63,0%,15.27
pool waterfall installation in houston tx,0,63,0%,23.89
pool service houston tx,0,63,0%,32.57
netted pool quote,0,63,0%,90.49
in ground swimming pool contractors,0,62,0%,7.84
residential pool company houston tx,0,62,0%,11.39
commercial pool builders serving greater houston,0,62,0%,11.61
pool designers fountain hill,0,62,0%,65.23
pool builders college station,0,62,0%,75.29
gunite pool builder houston,0,61,0%,2.77
custom pool renovations,0,61,0%,8.87
houston pool,0,61,0%,13.87
custom pool add-ons in north houston,0,61,0%,22.87
concrete pool builders near me,0,61,0%,23.18
residential pool installer houston tx,0,61,0%,26.46
gunite inground pool builders,0,61,0%,61.72
custom pool texas,0,61,0%,64.57
built in pools,0,60,0%,1.5
pool construction and installation,0,60,0%,8.25
best pool companies near me,0,60,0%,10.45
pool loans texas,0,60,0%,12.4
pool renovation experts houston,0,60,0%,14.63
pool installers houston tx,0,60,0%,26.48
pool installation professionals,0,59,0%,6.17
best pool builder in houston,0,59,0%,6.59
plunge pool designers north houston,0,59,0%,7.51
pool builder in houston tx,0,59,0%,7.63
​pool ​pricing,0,59,0%,67.97
pool financing livingston,0,59,0%,73.19
houston custom pool builder,0,58,0%,5.67
pool construction contractors,0,58,0%,11.29
swimming pool installers,0,58,0%,15.97
above ground pool repair,0,58,0%,16.86
residential pool installers houston tx,0,58,0%,22.12
custom pools texas,0,58,0%,79.55
pool co near me,0,57,0%,5.82
pool installation and design,0,57,0%,8.25
backyard pool designs houston tx,0,57,0%,9.04
small pool cost houston,0,57,0%,9.32
swimming pool builders in north houston,0,57,0%,9.81
pool renovations in houston tx,0,57,0%,19.19
swimming pools houston tx,0,57,0%,19.89
pool remodel houston tx,0,57,0%,25.32
custom gunite pools,0,57,0%,35.68
licensed pool service houston tx,0,57,0%,47.04
greater houston pool service company,0,57,0%,53.11
concrete pool installers,0,56,0%,25.45
local pool experts houston,0,56,0%,31.96
commercial pool builders near me,0,56,0%,36.43
best pool construction,0,56,0%,43.96
pool contractors houston houston,0,55,0%,5.82
houston texas swimming pool builders,0,55,0%,6.22
swimming pool prices houston texas,0,55,0%,9.15
pool creation near me,0,55,0%,20.71
pool builders conroe,0,55,0%,73.05
swimming pool consultants,0,55,0%,73.31
inground pool builder spring tx,0,54,0%,2.65
swimming pool construction houston tx houston,0,54,0%,6.65
best swimming pools in houston,0,54,0%,7.22
custom pools near me,0,54,0%,8.54
pool building houston tx,0,54,0%,9.63
custom pool packages,0,54,0%,12.96
custom swimming pools near me,0,54,0%,22.13
pool builder website,0,54,0%,52.67
pool financing near me,0,54,0%,85.02
houston pool repair,0,53,0%,3.08
pool designer houston tx,0,53,0%,4.04
infinity pool designers north houston,0,53,0%,18.7
grotto waterfall pool,0,53,0%,27.6
pool financing inniswylde,0,53,0%,70.45
tomball custom swimming pool,0,52,0%,1.37
houston inground swimming pool maintenance,0,52,0%,2.15
semi inground pool houston,0,52,0%,5.04
what is a grotto pool,0,52,0%,5.33
pool contractors houston houston tx,0,52,0%,8.12
swimming pool construction experts,0,52,0%,9.38
inground pools near me,0,52,0%,9.85
pool remodeling companies near me,0,52,0%,15.87
pool design companies,0,52,0%,30.83
custom swimming pools houston tx,0,51,0%,3.73
custom in ground swimming pool builders in houston,0,51,0%,10.41
how much does a pool cost,0,51,0%,11.92
pool builder spring tx,0,51,0%,14.16
affordable custom pools,0,51,0%,14.57
custom pool builder north houston,0,51,0%,18.14
custom grotto pools​,0,51,0%,23.98
commercial pool renovations,0,51,0%,27.49
geometric pool builders,0,51,0%,28.29
seo for pool builders in houston,0,51,0%,35.57
swimming pool maker,0,51,0%,37.39
texas pool designs,0,51,0%,59.08
custom swimming pool builder houston,0,50,0%,3.92
houston pool renovation contractor,0,50,0%,6.38
pool co,0,50,0%,6.56
best inground pools,0,50,0%,9.94
pool design company,0,50,0%,15.74
above ground swimming pool maintenance,0,50,0%,21.4
"custom commercial pools houston, tx",0,50,0%,33.48
pool builder fort bend county,0,50,0%,42.98
custom pool designers,0,50,0%,44.82
custom commercial lazy rivers greater houston,0,50,0%,60.06
swimming pool contractor houston,0,49,0%,3.35
pool design professionals,0,49,0%,8.27
pool resurfacing contractors houston tx,0,49,0%,9.61
inground pool ideas houston,0,49,0%,12.51
custom pool projects,0,49,0%,12.88
custom pool water features in north houston,0,49,0%,13.35
pool remodelers,0,49,0%,13.41
rock pool,0,49,0%,22.55
pool building companies,0,49,0%,28.65
can you finance a pool,0,49,0%,75.69
modern pools,0,48,0%,5.15
pool installation experts,0,48,0%,8.33
pool construction projects,0,48,0%,12.06
pool builders cypress tx,0,48,0%,17.62
bunker hill village pool builder,0,48,0%,29.69
pool service courses,0,48,0%,46.67
pool financing clinton,0,48,0%,69.31
new pool contractor,0,48,0%,80.75
houston pool remodeling specialist,0,47,0%,3.49
best inground pool,0,47,0%,7.11
pool design specialists,0,47,0%,7.6
custom infinity pools,0,47,0%,8.47
cost of a pool in houston,0,47,0%,8.94
pool resurfacing,0,47,0%,11.21
pool specialist,0,47,0%,15.57
pool cleaning services,0,47,0%,41
pool financing oak hills place,0,47,0%,58.53
pool designers livingston,0,47,0%,73.34
pools houston texas,0,46,0%,5.93
pool building and design,0,46,0%,8.57
pool design experts,0,46,0%,8.85
concrete pool deck houston,0,46,0%,9.87
backyard pool builders,0,46,0%,10.83
pool building and renovation,0,46,0%,11.46
pool and spa installation,0,46,0%,12.2
pool builder 77387,0,46,0%,18.2
swimming pool maintenance cost,0,46,0%,24.48
above ground pool maintenance,0,46,0%,26.22
houston swimming pool contractors,0,45,0%,5.98
pool construction experts,0,45,0%,6.09
pool construction specialists,0,45,0%,8.2
inground pool ideas houston tx,0,45,0%,9.51
pool financing texas,0,45,0%,14.96
custom pool companies,0,45,0%,24.96
swimming pool builder​,0,45,0%,62.49
pool financing baker,0,45,0%,69.33
swimming pool enclosures houston texas,0,45,0%,85.71
pool examples,0,44,0%,1.27
pool,0,44,0%,5.41
pea gravel pool deck,0,44,0%,6.14
houston pool remodeling contractors,0,44,0%,7.5
swimming pool business houston tx,0,44,0%,9.68
pool installation services,0,44,0%,11.02
custom pool design houston,0,44,0%,13.84
swimming pool renovation,0,44,0%,15
pool design and build company,0,44,0%,15.39
above ground swimming pool service,0,44,0%,22.18
swimming pool installer houston tx,0,44,0%,25.77
pool maintenance houston,0,44,0%,32.45
trusted pool service company houston,0,44,0%,59.84
swimming pool custom,0,44,0%,70.07
custom pool houston tx,0,43,0%,3.09
houston swimming pool construction,0,43,0%,7.67
pool builders and designers,0,43,0%,8.07
custom swimming pool builders houston,0,43,0%,8.53
pool building company near me,0,43,0%,8.65
pool and spa construction,0,43,0%,11.6
pool building contractors,0,43,0%,12.47
complete pool makeover houston,0,43,0%,25.53
pool tile repair,0,43,0%,26.12
swimming pool tile repair,0,43,0%,27.98
commercial swimming pool builders,0,43,0%,36
commercial pool builders houston,0,42,0%,5.74
pool and spa builders,0,42,0%,9.62
pool financing,0,42,0%,10.69
inground swimming pool builders,0,42,0%,10.98
pool construction and design,0,42,0%,15.83
affordable inground pool contractors,0,42,0%,16.67
swimming pool designers near me,0,42,0%,19.19
in ground swimming pool houston tx,0,42,0%,20.43
mazzarino,0,42,0%,22.81
swimming pool maintenance houston,0,42,0%,28.36
builder pool,0,42,0%,48.81
pool builders livingston,0,42,0%,77.9
new pool builder,0,42,0%,77.98
affordable pool,0,42,0%,79.26
how to finance a pool,0,42,0%,82.57
swimming pool repair services near me,0,42,0%,84.43
pool builders conroe texas,0,42,0%,86.17
swimming pool construction specialists,0,41,0%,7.98
inground pool experts,0,41,0%,10.27
swimming pool installation services,0,41,0%,11.05
pool design and renovation,0,41,0%,13.63
affordable pool companies,0,41,0%,15.98
affordable inground pool builders,0,41,0%,16.93
pool house contractor,0,41,0%,22.44
pool cleaner houston tx,0,41,0%,38.22
pool loans,0,40,0%,1.52
swimming pool remodeling,0,40,0%,10.1
fiberglass pools near me,0,40,0%,11.05
average cost of pool in houston,0,40,0%,11.57
best pools in houston,0,40,0%,12.28
modern pool houston tx,0,40,0%,13.03
north houston custom swimming pool pictures,0,40,0%,14.6
custom pools with grotto​,0,40,0%,26
salt water pool maintenance,0,40,0%,28.5
pool redesign in houston tx,0,40,0%,30.25
commercial pool installation,0,40,0%,34.92
pool financing university club,0,40,0%,82.25
swimming pool construction houston,0,39,0%,3.79
pool renovation contractors,0,39,0%,11.56
inground pool services near me,0,39,0%,12.54
residential pool companies houston tx,0,39,0%,12.9
affordable pools,0,39,0%,13.15
pool prices in houston,0,39,0%,16.49
swimming pools houston area,0,39,0%,18.56
lazy river pool builders greater houston,0,39,0%,29.56
custom pool builders near me,0,39,0%,37.13
custom pool builders in houston,0,38,0%,1.84
pentair intelliconnect wiring diagram,0,38,0%,7.97
cost of pool houston,0,38,0%,10.39
pool remodeling services,0,38,0%,13.21
in ground swimming pool installer houston tx,0,38,0%,25.76
houston swimming pools,0,38,0%,26.61
small pool builders,0,38,0%,38.55
pool builder spring,0,38,0%,42.34
custom inground swimming pools,0,38,0%,66.42
custom swimming pool design,0,38,0%,77.39
best pool contractor,0,37,0%,1
swimming pool companies,0,37,0%,5.27
custom pool services,0,37,0%,8.35
pool builder 77391,0,37,0%,9.35
pool building specialists,0,37,0%,9.35
designer pools,0,37,0%,13.08
custom commercial pools katy tx,0,37,0%,27.16
pool repair companies,0,37,0%,30.19
luxury pool construction,0,37,0%,33.7
pool company texas,0,37,0%,42.57
modern pool,0,37,0%,43
pool maintenance courses,0,37,0%,54.65
pool house builders near me,0,37,0%,55.86
modern pool construction,0,37,0%,69.43
pool builder georgetown,0,37,0%,75.89
luxury pool installation,0,37,0%,83.78
pool company houston county,0,36,0%,1
pool contractor houston county,0,36,0%,1
swimming pool remodel,0,36,0%,2.44
best vinyl pools,0,36,0%,3.86
fiberglass pools in houston,0,36,0%,5.28
custom pools in houston tx,0,36,0%,8.28
custom inground pools houston,0,36,0%,11.03
swimming pool and spa builders,0,36,0%,13.17
affordable inground pools near me,0,36,0%,13.53
in ground pool houston tx,0,36,0%,17.83
pool houston tx,0,36,0%,17.92
inground swimming pool installers houston tx,0,36,0%,21.89
swimming pool design services,0,36,0%,67.58
pool installers near me,0,35,0%,5.69
"mazzarino construction & development ltd., 7155 old katy rd n260, houston, 
tx 77024",0,35,0%,5.8
luxury pool builders around houston texas,0,35,0%,10.26
concrete in-ground pool builders,0,35,0%,13.54
designer pool builders,0,35,0%,17.6
natural pool builder in houston tx,0,35,0%,25.17
commercial pool construction,0,35,0%,26.49
salt water pool builders,0,35,0%,40.97
swimming pool service houston tx,0,35,0%,42.71
pool builder katy tx,0,35,0%,46.54
pool landscaping houston,0,35,0%,49.34
swimming pool maintenance courses,0,35,0%,51.77
new pool construction near me,0,35,0%,65.31
custom pool building,0,35,0%,69.06
pool financing santa cruz,0,35,0%,87.6
pool installer,0,34,0%,5.56
stub out plumbing meaning,0,34,0%,7.41
pool costs houston,0,34,0%,8.26
infinity pool builders north houston,0,34,0%,12.82
above ground pool houston,0,34,0%,19.68
custom lazy river construction north houston,0,34,0%,23.94
swimming pool tile repair near me,0,34,0%,28.06
swimming pool renovation north houston,0,34,0%,32.59
swimming pool makers,0,34,0%,45.44
contractor pool,0,34,0%,56.88
pool enclosures houston texas,0,34,0%,82.53
pool installation harris county,0,33,0%,1.06
fiberglass pool builder,0,33,0%,12.7
pool price,0,33,0%,17.48
above ground pools houston texas,0,33,0%,20.21
above ground pool service near me,0,33,0%,20.39
cool deck pool houston tx,0,33,0%,21.58
site:http://houstoncoolpools.com,0,33,0%,24.09
above ground pool maintenance near me,0,33,0%,25.33
new swimming pool builder near me,0,33,0%,25.55
commercial pool builders in houston tx,0,33,0%,29.24
pool cleaning houston tx,0,33,0%,30.82
pool maintenance cost,0,33,0%,34.33
north houston pool renovations,0,33,0%,34.73
texas pool builders,0,33,0%,45.61
above ground pool builder,0,33,0%,55.21
pool maintenance course,0,33,0%,58.33
contractors for swimming pool,0,33,0%,62.7
pool financing walker,0,33,0%,78.73
fiberglass pools houston tx,0,32,0%,5.62
north houston custom luxury swimming pools & spas,0,32,0%,8.94
custom pool installation services,0,32,0%,11
pools in houston texas,0,32,0%,11.88
luxury pool builder houston tx,0,32,0%,15.81
straight line pool builders north houston,0,32,0%,18.62
gunite pool installers,0,32,0%,19
custom design pools,0,32,0%,21.59
spring pool builder,0,32,0%,23.72
vanishing edge pool builders in north houston,0,32,0%,25.75
negative edge pool design in north houston,0,32,0%,28.97
custom luxury pools,0,32,0%,32.31
swimming pool repair near me,0,32,0%,32.41
salt pool maintenance,0,32,0%,33.5
pool filter cleaning houston,0,32,0%,37.75
pool builders tomball,0,32,0%,50.66
pool design service,0,32,0%,67.72
custom pool design league city tx,0,32,0%,78.78
swimming pool financing tomball,0,31,0%,1.45
pool company harris county,0,31,0%,1.61
pool estimate houston,0,31,0%,11.19
fiberglass swimming pool builder,0,31,0%,12.61
google guaranteed pool builder houston,0,31,0%,13.16
beach entry swimming pools in north houston,0,31,0%,15.23
in-ground pool builders,0,31,0%,17.55
swimming pools for sale houston tx,0,31,0%,18.48
cheap pool companies,0,31,0%,19.55
swimming pool maintenance near me,0,31,0%,31.61
swimming pool renovation services north houston,0,31,0%,33.9
lazy river pool construction greater houston,0,31,0%,38.97
greater houston commercial swimming maintenance,0,31,0%,40.87
pool builders kingwood tx,0,31,0%,54.61
pool equipment installation houston tx,0,31,0%,66.65
pool contractor harris county,0,30,0%,1
gunite pool installation,0,30,0%,1.13
pool academy,0,30,0%,5.57
swimming pool contractor near me,0,30,0%,8.3
pool packages houston,0,30,0%,9.87
backyard pool designs houston,0,30,0%,15.4
custom pool options,0,30,0%,15.53
pool renovation companies near me,0,30,0%,16.13
pool builder 77073,0,30,0%,17.23
"""houston cool pools"" ""houstoncoolpools.com""",0,30,0%,21.53
commercial pool renovation in houston tx,0,30,0%,26.1
luxury pool companies,0,30,0%,38.03
pool build,0,30,0%,43.73
backyard pool builder,0,30,0%,49.17
swimming pool company websites,0,30,0%,65.6
in ground pool builder,0,30,0%,66.87
pool replastering in houston tx,0,29,0%,3.76
best pool builders in houston tx,0,29,0%,4.03
cheap pools houston,0,29,0%,5.72
best pool builder houston,0,29,0%,6.28
best pool renovation companies near me,0,29,0%,9.34
how much does it cost to build a pool in houston texas,0,29,0%,10.17
high end pools near me,0,29,0%,15.59
custom luxury pools houston,0,29,0%,16.03
swimming pools for sale near me,0,29,0%,16.66
geometric pool installation,0,29,0%,17.79
affordable pool builders near me,0,29,0%,20.1
pool builder 77010,0,29,0%,20.24
above ground pool service houston tx,0,29,0%,21.76
pool houston,0,29,0%,23.17
pool routine maintenance houston,0,29,0%,34.9
pool builders katy tx,0,29,0%,43.66
pool builders in houston tx,0,28,0%,3.57
robert sanders homes houston tx builder,0,28,0%,7.68
swimming pools installation,0,28,0%,8.79
"""robert sanders homes"" houston builder",0,28,0%,10.57
pool builder 77030,0,28,0%,10.75
swimming pool renovations,0,28,0%,11.18
pool builder 77203,0,28,0%,11.39
pool renovation quotes houston,0,28,0%,12.39
inground pool cost houston,0,28,0%,13.18
pool and patio contractors,0,28,0%,14.04
construction pool,0,28,0%,15.07
pool builder 77253,0,28,0%,15.86
best rated pool builder houston,0,28,0%,16.89
swimming pool management,0,28,0%,18.61
modern pool houston,0,28,0%,21.14
swimming pool builder spring tx,0,28,0%,21.79
commercial pool construction in houston tx,0,28,0%,29.89
pool builder cypress texas,0,28,0%,30.79
swimming pool grotto waterfall,0,28,0%,39.57
plunge pool houston,0,28,0%,41.86
houston pool services,0,28,0%,51.54
robert sanders homes,0,27,0%,6.56
custom luxury swimming pools & hot tubs,0,27,0%,8.04
pool builder 77007,0,27,0%,9.04
robert sanders homes builder houston tx,0,27,0%,9.74
custom pool builder serving creekside,0,27,0%,10.19
houston fiberglass pools,0,27,0%,10.74
pool builder 77027,0,27,0%,13.11
swimming pool remodeling company,0,27,0%,13.11
pool builder 77210,0,27,0%,14.11
pool designer builder,0,27,0%,17.41
pool builder 77087,0,27,0%,17.7
pool in houston,0,27,0%,18.33
best pool in houston,0,27,0%,20.33
hoa pool builder houston tx,0,27,0%,22.59
gunite pool contractors,0,27,0%,29.63
pool repair near me,0,27,0%,32.33
swimming pool cleaning houston,0,27,0%,40.48
best pool builders in katy,0,27,0%,46.41
pool maintenance courses online,0,27,0%,55.07
swimming pool maintenance course,0,27,0%,58
small custom swimming pools,0,27,0%,62.63
custom concrete swimming pools,0,27,0%,73.7
pool stub,0,26,0%,2.88
pool builder 77069,0,26,0%,5.38
pool and spa design services,0,26,0%,10.62
swimming pool cost houston,0,26,0%,13.58
pool remodel near me,0,26,0%,16.27
west university pool builder,0,26,0%,16.27
high end pool companies,0,26,0%,16.65
"""houston cool pools"" ""77070""",0,26,0%,17.15
pool builder 77013,0,26,0%,17.69
best pool installation companies,0,26,0%,25.5
new pool,0,26,0%,32.54
small pool contractors,0,26,0%,38.92
pool cleaning class,0,26,0%,44.15
pool builder texas,0,26,0%,51.15
pool builders willis,0,26,0%,52.85
pool companies in texas,0,26,0%,55.69
swimming pool design texas,0,26,0%,57.58
pool plumbing services houston,0,26,0%,67.23
college station pool builders,0,26,0%,73.35
custom design swimming pools,0,26,0%,74.88
stepping stones to pool,0,25,0%,3.8
pool builder in houston texas,0,25,0%,4.88
pool builder 77065,0,25,0%,7.56
pool builder 77068,0,25,0%,7.8
pool builders near me houston,0,25,0%,8.28
gunite contractor houston,0,25,0%,8.72
pool financing options cypress,0,25,0%,10.16
pool builder 77012,0,25,0%,10.52
houston custom pool remodeling,0,25,0%,14.2
sheer descent pool feature houston,0,25,0%,14.44
how much does it cost to build a pool,0,25,0%,15
swimming pool service technician,0,25,0%,16.6
swimming pool remodel near me,0,25,0%,16.72
pool builder 77023,0,25,0%,17.16
designer pool contractors,0,25,0%,17.32
pool designers near me,0,25,0%,17.44
luxury pools houston,0,25,0%,17.88
pool price houston,0,25,0%,19
inground swimming pool houston tx,0,25,0%,24
pool grotto,0,25,0%,28.4
pool maintenance near me,0,25,0%,31.08
pool tile repair near me,0,25,0%,32.2
granite pools,0,25,0%,37.08
spring texas pool builders,0,25,0%,44.2
above ground pools for sale near me,0,25,0%,48.36
gunite pool installers near me,0,25,0%,64.72
swimming pool design and construction,0,25,0%,65.44
buy now pay later pools no credit check,0,25,0%,67.04
tomball swimming pool contractor,0,24,0%,1
houston tx pool builders,0,24,0%,3.25
pool builder 77029,0,24,0%,6.21
pool builder 77290,0,24,0%,6.21
ingroundpools,0,24,0%,6.38
finance swimming pool cypress,0,24,0%,7.08
houston swimming pool makers,0,24,0%,7.75
pool builder 77035,0,24,0%,7.75
houston area pool builder,0,24,0%,7.96
small pool builders houston,0,24,0%,8.12
custom pools heights houston,0,24,0%,8.33
best pool builder houston tx,0,24,0%,9.29
pool builder 77053,0,24,0%,9.29
pool construction companies,0,24,0%,9.79
pools in houston pools houston tx,0,24,0%,9.88
pool builder 77279,0,24,0%,10.75
pool builder 77207,0,24,0%,11.71
pool builder 77062,0,24,0%,15.38
designer pool companies,0,24,0%,16.88
top rated pool builder spring tx,0,24,0%,22.29
infinity edge pool builders north houston,0,24,0%,28.83
pool designers dutchtown,0,24,0%,34.21
pool cleaning service near me,0,24,0%,37.79
pools builder,0,24,0%,40.42
pool builder katy,0,24,0%,44.5
professional pool builders,0,24,0%,56.79
pool designers ethyl,0,24,0%,62.38
hollywood pool builder,0,24,0%,78.21
custom built pool,0,24,0%,81.12
pool builders deer park,0,24,0%,81.25
custom pool builders conroe,0,24,0%,82.58
pool builder 77090,0,23,0%,1